"ID";"﻿id";"file_id";"cation";"code";"code_RF"
"1";"4";"BAACAgIAAxkBAAIGmmoeBxJ6Jn7-uWqxDnZYepr5WEfWAAKopgACq1nxSDnnN6fMIb2ROwQ";"Парка шерстяная Taurina (Таурина) в молочном цвете ||🔸Натуральный мех лисицы|🔸Наполнитель: 90% пух, 10% перо|🔸Полностью съемный мех |🔸Состав: 48% шерсть|🔸Артикул: 516/2|🔸Размерный ряд: 40-50|🔸Длина: 70 см";"Taurina";"Таурина"
"2";"5";"https://disk.yandex.ru/d/8_Q9HlR0BsX93Q";"Парка шерстяная Carolina (кэролайн) в светло-сером цвете, с натуральным мехом лисицы||🔸Артикул: 25625/HS|🔸Длина: 65 см.|🔸Размерный ряд: 38-46|🔸Подклад 90% пуха, 10% пера|🔸Шерсть 45%|🔸Полностью СЪЁМНЫЙ мех";"Carolina";"Каролина"
"3";"6";"https://disk.yandex.ru/i/ZELgeF7_qnhfBw";"Пуховое пальто Rowena  (Ровэна) в цвете хаки с натуральным мехом енота||🔸Артикул: 25671/ 19|🔸Длина: 110 см|🔸Размерный ряд: 40-52|🔸Наполнитель: 90% пух, 10% перо|🔸 СЪЁМНЫЙ мех";"Rowena";"Ровена"
"4";"7";"https://disk.yandex.ru/d/bzH933B9su5uRg";"Парка Katrin (Катрин) в черном цвете с  натуральным аукционным мехом енота||🔸 Артикул: А28 - 110 / HEI|🔸Длина: 110 см.|🔸Размерный ряд: 44-60|🔸целая шубка из меха енота открытого типа + в рукавах утеплитель нового поколения ультралегкий и невесомый ISOSOFT|🔸 Полностью СЪЁМНЫЙ мех";"Katrin";"Катрин"
"5";"8";"https://disk.yandex.ru/d/_hBuoLcdnxqXxw";"Парка Gloria (Глория) в черном цвете с  натуральным аукционным комбинированным мехом ЛИСИЦЫ||🔸 Артикул: А307 / HEI|🔸Длина: 110 см.|🔸Размерный ряд: 44-56|🔸 Полный меховой капюшон с мехом лисицы|🔸Подстёжка: натуральный мех кролика закрытого типа (под подкладом) + в рукавах инновационный ультралегкий утеплитель нового поколения ISOSOFT|🔸 Полностью СЪЁМНЫЙ мех";"Gloria";"Глория"
"6";"9";"https://disk.yandex.ru/d/TcsJQ5_6sW_cyQ";"Пуховое пальто Melania (Мелания) в кофейном оттенке ||🔸Натуральной мех финского песца затонированный под баргузинского соболя|🔸Артикул: 547/17|🔸Длина: 70 см|🔸Размерный ряд: 40-50|🔸Наполнитель: 90% пух, 10% перо|🔸В составе 65% шерсти|🔸СЪЁМНЫЙ мех||На Валентине 46 размер";"Melania";"Мелания"
"7";"10";"https://disk.yandex.ru/d/H-DpCe6VbqdJkA";"Парка шерстяная Abigale (Эбигейл) песочная ||🔸Натуральный мех финского песца под соболя|🔸Полностью съемный мех |🔸Состав: 45% шерсть|🔸Размерный ряд: 40-48|🔸Длина: 85 см||На Саше 40р";"Abigale";"Эбигейл"
"8";"11";"https://disk.yandex.ru/d/x6yfEGGVg4Fj5A";"Пуховое пальто Elva с капюшоном 💎||🔸натуральная шерсть|🔸натуральный мех лисицы|🔸Длина: 85 см|🔸Размерный ряд: 42-50|🔸Наполнитель: 90% пух, 10% перо|🔸В составе 45% шерсти|🔸СЪЁМНЫЙ мех||На Саше 40р";"Elva";"Эльва"
"9";"12";"https://disk.yandex.ru/d/BXlqjfaNtY9HMg";"Caroline в молочном цвете||🔸Шикарный мех лисицы|🔸Премиум утеплитель |🔸В составе 90%пуха и 10% пера|🔸В составе шерсть |🔸Широкий размерный ряд: 38/40/42/44/46/48-50|🔸Длина: 68 см.||На Саше 38р";"Caroline";"Кэролайн"
"10";"13";"https://disk.yandex.ru/d/kw_q98qWQMK0TQ";"Caroline в сером цвете ||🔸Шикарный мех лисицы|🔸Премиум утеплитель |🔸В составе 90%пуха и 10% пера|🔸В составе шерсть |🔸Широкий размерный ряд: 38/40/42/44/46/48-50|🔸Длина: 68 см.||На Саше 38р";"Caroline";"Кэролайн"
"11";"14";"https://disk.yandex.ru/d/Zk5Pe6Okx7C09w";"Пуховое пальто Clara (Клара) в шоколадном оттенке ||🔸Натуральный мех лисицы |🔸Артикул: 25627/261-1512|🔸Длина: 70 см.|🔸Размерный ряд: 40-52|🔸Наполнитель: 90% пух, 10% перо|🔸 СЪЁМНЫЙ мех";"Clara";"Клара"
"12";"15";"https://disk.yandex.ru/d/6hyaGU_qia6whw";"Пуховое пальто Clara (Клара) в молочном цвете ||🔸Натуральный мех лисицы |🔸Артикул: 25627/6619-4|🔸Длина: 70 см.|🔸Размерный ряд: 40-52|🔸Наполнитель: 90% пух, 10% перо|🔸 СЪЁМНЫЙ мех";"Clara";"Клара"
"13";"16";"https://disk.yandex.ru/d/1V5FOfVjluZWIA";"Пуховое пальто Melania (Мелания) в сером оттенке ||🔸Натуральной мех финского песца затонированный под баргузинского соболя|🔸Артикул: 547/4|🔸Длина: 70 см|🔸Размерный ряд: 42-50|🔸Наполнитель: 90% пух, 10% перо|🔸В составе 65% шерсти|🔸СЪЁМНЫЙ мех";"Malania";"Мелания"
"14";"17";"https://disk.yandex.ru/d/jcvtEPULvNuVsA";"Парка шерстяная Juliette ( Жульетта) в розовом оттенке ||🔸Натуральный мех енота|🔸Полностью съемный мех |🔸Состав: 45% шерсть|🔸Наполнитель: 90% пух, 10% перо|🔸Артикул: 542/9|🔸Размерный ряд: 40-50|🔸Длина: 70 см";"Juliette";"Жульетта"
"15";"18";"https://disk.yandex.ru/d/SXUu34BjFWnz5g";"Парка шерстяная Taurina ( Таурина) в кофейном оттенке ||🔸Натуральный мех лисицы|🔸Наполнитель: 90% пух, 10% перо|🔸Полностью съемный мех |🔸Состав: 48% шерсть|🔸Артикул: 516/17|🔸Размерный ряд: 40-50|🔸Длина: 70 см";"Taurina";"Таурина"
"16";"19";"https://disk.yandex.ru/d/mIdtKhF99KlYKg";"Пуховая куртка Estella (Эстелла) в цвете баклажан||🔸Натуральный мех енота|🔸Артикул: P242669/15|🔸Длина: 70 см.|🔸Размерный ряд: 38-48|🔸Наполнитель: 90% пух, 10% перо|🔸 СЪЁМНЫЙ мех";"Estella";"Эстелла"
"17";"20";"https://disk.yandex.ru/d/Z9YvwDCRHy9Dfg";"Куртка утепленная Yara (Яра) , в черном цвете ||🔸Наполнитель: THINSULATE|🔸Вставки из высококачественной экокожи, выполненной под питона|🔸Артикул: D4013/NS8008-HEI|🔸Длина: 60 см.|🔸Размерный ряд: 42-54";"Yara";"Яра"
"18";"21";"https://disk.yandex.ru/d/en8LYlNTgxj4-w";"Куртка утепленная Yara (Яра) , в оттенке шоколад ||🔸Наполнитель: THINSULATE|🔸Вставки из высококачественной экокожи, выполненной под питона|🔸Артикул: D4013/1933-KF|🔸Длина: 60 см.|🔸Размерный ряд: 42-54";"Yara";"Яра"
"19";"22";"https://disk.yandex.ru/d/wtXjkT4csZ57JA";"Пуховая куртка Terra  (Тэрра) в песочном цвете с натуральным мехом енота  ||🔸Артикул: 25611/30|🔸Длина: 80 см|🔸Размерный ряд: 40-52|🔸Наполнитель: 90% пух, 10% перо|🔸 СЪЁМНЫЙ мех";"Terra";"Тэра"
"20";"23";"https://disk.yandex.ru/d/TKgC-49Tlmbl9Q";"Пуховая куртка Terra  (Тэрра) в  цвете вишня с натуральным мехом енота ||🔸Артикул: 25611/518|🔸Длина: 80 см|🔸Размерный ряд: 40-52|🔸Наполнитель: 90% пух, 10% перо|🔸 СЪЁМНЫЙ мех";"Terra";"Тэра"
"21";"24";"https://disk.yandex.ru/d/CYu40cuWFDn6_g";"Пуховая куртка Terra  (Тэрра) в цвете пломбир с натуральным мехом лисицы  ||🔸Артикул: 25611/5|🔸Длина: 80 см|🔸Размерный ряд: 40-52|🔸Наполнитель: 90% пух, 10% перо|🔸 СЪЁМНЫЙ мех";"Terra";"Тэра"
"22";"25";"https://disk.yandex.ru/d/jCi2a_LOUEO49Q";"Пуховая куртка Terra  (Тэрра) в черном цвете с натуральным мехом енота  ||🔸Артикул: 25611/1|🔸Длина: 80 см|🔸Размерный ряд: 40-52|🔸Наполнитель: 90% пух, 10% перо|🔸 СЪЁМНЫЙ мех";"Terra";"Тэра"
"23";"26";"https://disk.yandex.ru/d/ZEzdDa6HbZ5noA";"Пуховая куртка Elara (Элара) в цвете графит с натуральным мехом енота  ||🔸Артикул: 25672/509|🔸Длина: 80 см|🔸Размерный ряд: 40-52|🔸Наполнитель: 90% пух, 10% перо|🔸 СЪЁМНЫЙ мех";"Elara";"Элара"
"24";"27";"https://disk.yandex.ru/d/R7EmrXCLlN6HcQ";"Пуховая куртка Elara (Элара) в бронзовом оттенке с натуральным мехом енота  ||🔸Артикул: 25672/56|🔸Длина: 80 см|🔸Размерный ряд: 40-52|🔸Наполнитель: 90% пух, 10% перо|🔸 СЪЁМНЫЙ мех";"Elara";"Элара"
"25";"28";"https://disk.yandex.ru/d/UOaD7l6RtuZYhg";"Пуховая куртка Elara (Элара) в оттенке черника с натуральным мехом енота  ||🔸Артикул: 25672/516|🔸Длина: 80 см|🔸Размерный ряд: 40-52|🔸Наполнитель: 90% пух, 10% перо|🔸 СЪЁМНЫЙ мех";"Elara";"Элара"
"26";"29";"https://disk.yandex.ru/d/2FIwUrCZLfqcfA";"Пуховое пальто Nerina  (Нерина) в шоколадном оттенке с натуральным мехом песца||🔸Артикул: 25603/261-1511|🔸Длина: 110 см|🔸Размерный ряд: 40-52|🔸Наполнитель: 90% пух, 10% перо|🔸 СЪЁМНЫЙ мех";"Nerina";"Нерина"
"27";"30";"https://disk.yandex.ru/d/PZq5FJq2P1L1Gw";"Пуховое пальто Nerina  (Нерина) в молочном оттенке с натуральным мехом песца||🔸Артикул: 25603/6619-6|🔸Длина: 110 см|🔸Размерный ряд: 40-52|🔸Наполнитель: 90% пух, 10% перо|🔸 СЪЁМНЫЙ мех";"Nerina";"Нерина"
"28";"31";"https://disk.yandex.ru/d/9OJl9dqyHXgRog";"Пуховое пальто Rowena  (Ровэна) в кофейном оттенке с натуральным мехом енота||🔸Артикул: 25671/2418-22|🔸Длина: 110 см|🔸Размерный ряд: 40-54|🔸Наполнитель: 90% пух, 10% перо|🔸 СЪЁМНЫЙ мех";"Rowena";"Ровэна"
"29";"32";"https://disk.yandex.ru/d/mOv0UGR2ttXiLA";"Пуховое пальто Rowena  (Ровэна) в оттенке черника с натуральным мехом енота||🔸Артикул: 25671/7000-1090|🔸Длина: 110 см|🔸Размерный ряд: 40-54|🔸Наполнитель: 90% пух, 10% перо|🔸 СЪЁМНЫЙ мех";"Rowena";"Ровэна"
"30";"33";"https://disk.yandex.ru/d/d41Hpr7wBCT6DA";"Пуховая куртка Cassia (Кассиа) в лавандовом оттенке с мехом кролика Рекс||🔸Артикул: 25-1002/15|🔸Длина: 75 см|🔸Размерный ряд: 40-50|🔸Наполнитель: 90% пух, 10% перо";"Cassia";"Кассиа"
"31";"34";"https://disk.yandex.ru/d/XBNc_N4M2kBCtQ";"Пуховая куртка Cassia (Кассиа) в сливочном оттенке с мехом кролика Рекс||🔸Артикул: 25-1002/13|🔸Длина: 75 см|🔸Размерный ряд: 40-50|🔸Наполнитель: 90% пух, 10% перо";"Cassia";"Кассиа"
"32";"35";"https://disk.yandex.ru/d/GmGYQ1muVvx8wQ";"Пуховое пальто Seraphine (Серафин) в сером оттенке с натуральным мехом песца ||🔸Артикул: 519-1/19|🔸Длина: 70 см|🔸Размерный ряд: 40-50|🔸Наполнитель: 90% пух, 10% перо|🔸СЪЁМНЫЙ мех";"Seraphine";"Серафин"
"33";"36";"https://disk.yandex.ru/d/blFUfG2LHcpuOw";"Пуховое пальто Seraphine (Серафин) в молочном оттенке с натуральным мехом песца ||🔸Артикул: 519-1/2|🔸Длина: 70 см|🔸Размерный ряд: 40-50|🔸Наполнитель: 90% пух, 10% перо|🔸СЪЁМНЫЙ мех";"Seraphine";"Серафин"
"34";"37";"https://disk.yandex.ru/d/quV70eMiEk2Aug";"Пуховое пальто Elva (Эльва) в кофейном цвете с натуральным мехом лисицы ||🔸Артикул: 541/17|🔸Длина: 85 см|🔸Размерный ряд: 42-50|🔸Наполнитель: 90% пух, 10% перо|🔸В составе 45% шерсти|🔸СЪЁМНЫЙ мех";"Elva";"Эльва"
"35";"38";"https://disk.yandex.ru/d/PwRep-rXyeQa5g";"Пуховое пальто Elva  (Эльва) в цвете серый мелланж с натуральным мехом лисицы ||🔸Артикул: 541/4|🔸Длина: 85 см|🔸Размерный ряд: 42-50|🔸Наполнитель: 90% пух, 10% перо|🔸В составе 45% шерсти|🔸СЪЁМНЫЙ мех";"Elva";"Эльва"
"36";"39";"https://disk.yandex.ru/d/d9cpGtyH7bgSdg";"Пуховое пальто Isolde  (Изольда) в молочном оттенке с натуральным мехом песца||🔸Артикул: 530X/2-30|🔸Длина: 80 см|🔸Размерный ряд: 40-50|🔸Наполнитель: 90% пух, 10% перо|🔸 СЪЁМНЫЙ мех";"Isolde";"Изольда"
"37";"40";"https://disk.yandex.ru/d/SeDCofnamTyeGA";"Пуховая куртка Terra  (Тэрра) в оттенке бургунди с натуральным мехом енота  ||🔸Артикул: 25611/37|🔸Длина: 80 см|🔸Размерный ряд: 40-52|🔸Наполнитель: 90% пух, 10% перо|🔸 СЪЁМНЫЙ мех";"Terra";"Тэрра"
"38";"41";"https://disk.yandex.ru/d/8g7NJtVsCwouaA";"Пуховая куртка Terra  (Тэрра) в оттенке мокко с натуральным мехом лисицы  ||🔸Артикул: 25611/19|🔸Длина: 80 см|🔸Размерный ряд: 40-52|🔸Наполнитель: 90% пух, 10% перо|🔸 СЪЁМНЫЙ мех";"Terra";"Тэрра"
"39";"42";"https://disk.yandex.ru/d/AYdN3aEJ9G4qIg";"Пуховая куртка Veda  (Веда) в оттенке шоколад  с натуральным мехом лисицы  ||🔸Артикул: 25678/261-167|🔸Длина: 90 см|🔸Размерный ряд: 40-52|🔸Наполнитель: 90% пух, 10% перо|🔸 СЪЁМНЫЙ мех";"Veda";"Веда"
"40";"43";"https://disk.yandex.ru/d/mkFI0pTPWNlNvQ";"Пуховая куртка Veda  (Веда) в оттенке хаки  с натуральным мехом лисицы  ||🔸Артикул: 25678/1079|🔸Длина: 90 см|🔸Размерный ряд: 40-52|🔸Наполнитель: 90% пух, 10% перо|🔸 СЪЁМНЫЙ мех";"Veda";"Веда"
"41";"44";"https://disk.yandex.ru/d/Ql4mS2eqdKBtCQ";"Пуховая куртка Veda  (Веда) в оттенке бронза  с натуральным мехом лисицы  ||🔸Артикул: 25678/89|🔸Длина: 90 см|🔸Размерный ряд: 40-52|🔸Наполнитель: 90% пух, 10% перо|🔸 СЪЁМНЫЙ мех";"Veda";"Веда"
"42";"45";"https://disk.yandex.ru/d/4CSu0Whf2Ad8cQ";"Пуховая куртка Veda  (Веда) в черном оттенке с натуральным мехом енота||🔸Артикул: 25678/100|🔸Длина: 90 см|🔸Размерный ряд: 40-52|🔸Наполнитель: 90% пух, 10% перо|🔸 СЪЁМНЫЙ мех";"Veda";"Веда"
"43";"46";"https://disk.yandex.ru/d/oXGtMTlHJUydWA";"Пуховая куртка Estella (Эстелла) в бежевом оттенке оттенке с натуральным мехом енота||🔸Артикул: 2669/69|🔸Длина: 70 см.|🔸Размерный ряд: 38-48|🔸Наполнитель: 90% пух, 10% перо|🔸 СЪЁМНЫЙ мех";"Estella";"Эстелла"
"44";"47";"https://disk.yandex.ru/d/RSbzwNEcBzSU5A";"Пуховая куртка Estella (Эстелла) в оттенке вишня с натуральным мехом енота||🔸Артикул: 2669/7|🔸Длина: 70 см.|🔸Размерный ряд: 38-48|🔸Наполнитель: 90% пух, 10% перо|🔸 СЪЁМНЫЙ мех";"Estella";"Эстелла"
"45";"48";"https://disk.yandex.ru/d/z-a_164AjEvv-g";"Пуховая куртка Estella (Эстелла) в оттенке черника с натуральным мехом енота||🔸Артикул: 2669/2|🔸Длина: 70 см.|🔸Размерный ряд: 38-48|🔸Наполнитель: 90% пух, 10% перо|🔸 СЪЁМНЫЙ мех";"Estella";"Эстелла"
"46";"49";"https://disk.yandex.ru/d/nX2_gkO7dffpzA";"Парка Caroline (кэролайн) в молочном цвете, с натуральным мехом песца  ||🔸Артикул: 25625/2|🔸Длина: 65 см.|🔸Размерный ряд: 42-52|🔸Подклад 90% пуха, 10% пера|🔸Полностью СЪЁМНЫЙ мех";"Caroline";"Кэролайн"
"47";"50";"https://disk.yandex.ru/d/RcTVJ7hDAv1HOQ";"Парка Caroline (кэролайн) в цвете хаки, с натуральным мехом песца под Соболь ||🔸Артикул: 25625/21|🔸Длина: 65 см.|🔸Размерный ряд: 42-52|🔸Подклад 90% пуха, 10% пера|🔸Полностью СЪЁМНЫЙ мех";"Caroline";"Кэролайн"
"48";"51";"https://disk.yandex.ru/d/s053AXpSH6gCqQ";"Парка Caroline (кэролайн) в черном цвете, с натуральным мехом песца под Соболь ||🔸Артикул: 25625/24|🔸Длина: 65 см.|🔸Размерный ряд: 42-52|🔸Подклад 90% пуха, 10% пера|🔸Полностью СЪЁМНЫЙ мех";"Caroline";"Кэролайн"
"49";"52";"https://disk.yandex.ru/d/JzEM3LF0wlVBjQ";"Парка Caroline (кэролайн) в цвете шоколад, с натуральным мехом песца под Соболь ||🔸Артикул: 25625/28|🔸Длина: 65 см.|🔸Размерный ряд: 42-52|🔸Подклад 90% пуха, 10% пера|🔸Полностью СЪЁМНЫЙ мех";"Caroline";"Кэролайн"
"50";"53";"https://disk.yandex.ru/d/-F66XD62LyRQZQ";"Парка Cecile (Сесиль) в черном цвете, с натуральным мехом песца под Соболь ||🔸Артикул: K24060-90/HEI|🔸Длина: 90 см.|🔸Размерный ряд: 42-54|🔸Подстёжка: натуральный мех кролика |🔸Полностью СЪЁМНЫЙ мех";"Cecile";"Сесиль"
"51";"54";"https://disk.yandex.ru/d/IYMuv89YINLDZw";"Парка Cecile (Сесиль) в бежевом цвете, с натуральным мехом лисицы||🔸Артикул: K25060-90/35|🔸Длина: 90 см.|🔸Размерный ряд: 42-54|🔸Подстёжка: натуральный мех кролика |🔸Полностью СЪЁМНЫЙ мех";"Cecile";"Сесиль"
"52";"55";"https://disk.yandex.ru/d/khyJAtq2fg1qBg";"Пальто Luma (Лума) молочное ||🔸Натуральный мех лисицы |🔸Полностью съемный мех |🔸Состав: 70% шерсть|🔸Артикул:WZ2528-1/2|🔸Размерный ряд: 44-48|🔸Длина: 90 см";"Luma";"Лума"
"53";"56";"https://disk.yandex.ru/d/NC67jglifgyGFw";"Пальто Luma (Лума) графит ||🔸Натуральный мех лисицы |🔸Полностью съемный мех |🔸Состав: 70% шерсть|🔸Артикул:WZ2528-1/34|🔸Размерный ряд: 42-52|🔸Длина: 90 см";"Luma";"Лума"
"54";"57";"https://disk.yandex.ru/d/9241WKKIrpDKnA";"Парка шерстяная Marlowe (Марлоу) кофейный||🔸Натуральный мех лисицы|🔸Полностью съемный мех |🔸Состав: 48% шерсть|🔸Артикул:528-1/17|🔸Размерный ряд: 42-50|🔸Длина: 70 см";"Marlowe";"Марлоу"
"55";"58";"https://disk.yandex.ru/d/rJJq5yssWY1-NQ";"Пальто Lorraine (Лорейн) молочное ||🔸Натуральный мех лисицы |🔸Полностью съемный мех |🔸Состав: 70% шерсть|🔸Артикул:WZ2533-1/24|🔸Размерный ряд: 42-46|🔸Длина: 125 см";"Lorraine";"Лорейн"
"56";"59";"https://disk.yandex.ru/d/JFbTyVPCVb5pRQ";"Пальто Lorraine (Лорейн) кофейное ||🔸Натуральный мех енота |🔸Полностью съемный мех |🔸Состав: 70% шерсть|🔸Артикул:WZ2533-1/25|🔸Размерный ряд: 44-50|🔸Длина: 125 см";"Lorraine";"Лорейн"
"57";"60";"https://disk.yandex.ru/d/DGLlSgDVFy3YYA";"Парка шерстяная Marlowe (Марлоу) графит||🔸Натуральный мех чернобурой лисицы|🔸Полностью съемный мех |🔸Состав: 48% шерсть|🔸Артикул:528-1/4|🔸Размерный ряд: 40-48|🔸Длина: 70 см";"Marlowe";"Марлоу"
"58";"61";"https://disk.yandex.ru/d/v-MjSZYJwagCew";"Парка шерстяная Abigale (Эбигейл) молочная||🔸Натуральный мех лисицы |🔸Полностью съемный мех |🔸Состав: 45% шерсть|🔸Артикул:515-1/2|🔸Размерный ряд: 40-48|🔸Длина: 85 см";"Abigale";"Эбигейл"
"59";"62";"https://disk.yandex.ru/d/VjAO23PNAHLpQQ";"Пальто Simone (Симона) черный||🔸Натуральный мех датской норки |🔸Полностью съемный мех |🔸Состав: 70% шерсть|🔸Артикул:WZ2526-1/37|🔸Размерный ряд: 48-52|🔸Длина: 125 см";"Simone";"Симона"
"60";"63";"https://disk.yandex.ru/d/T_2iOZQ6FKjjLw";"Парка шерстяная Dorothy ( Дороти) серый меланж||🔸Натуральный мех лисицы|🔸Полностью съемный мех |🔸Состав: 45% шерсть|🔸Артикул:531-1/4|🔸Размерный ряд: 42-50|🔸Длина: 70 см";"Dorothy";"Дороти"
"61";"64";"https://disk.yandex.ru/d/b9bFiy3wvGT6ww";"Парка шерстяная Abigale (Эбигейл) серый||🔸Натуральный мех чернобурой лисицы |🔸Полностью съемный мех |🔸Состав: 45% шерсть|🔸Артикул:515-1/16|🔸Размерный ряд: 42-50|🔸Длина: 85 см";"Abigale";"Эбигейл"
"62";"65";"https://disk.yandex.ru/d/Icp5ku38zH03LQ";"Парка шерстяная Sienna (Сиена) серый||🔸Натуральный мех чернобурой лисицы |🔸Полностью съемный мех |🔸Состав: 45% шерсть|🔸Артикул:517-2/16|🔸Размерный ряд: 40-48|🔸Длина: 75 см";"Sienna";"Сиена"
"63";"66";"https://disk.yandex.ru/d/3Rp-FCZKTsof-w";"Парка шерстяная Sienna (Сиена) песочный||🔸Натуральный мех комбинированной лисицы |🔸Полностью съемный мех |🔸Состав: 45% шерсть|🔸Артикул:517-2/17|🔸Размерный ряд: 42-50|🔸Длина: 75 см";"Sienna";"Сиена"
"64";"67";"https://disk.yandex.ru/d/hPXcaYHRck3_nw";"Парка шерстяная Dorothy ( Дороти) лайм||🔸Натуральный мех енота|🔸Полностью съемный мех |🔸Состав: 45% шерсть|🔸Артикул:531-1/12|🔸Размерный ряд: 40-48|🔸Длина: 70 см";"Dorothy";"Дороти"
"65";"68";"https://disk.yandex.ru/d/ofZ8evxsLnuswA";"Пальто Liora (Лиора) графит ||🔸Натуральный мех енота |🔸Полностью съемный мех |🔸Состав: 70% шерсть|🔸Артикул:WZ2538-1/10|🔸Размерный ряд: 46-50|🔸Длина: 130 см";"Liora";"Лиора"
"66";"69";"https://disk.yandex.ru/d/vUIdVi3mO9lIEg";"Пальто Simone (Симона) шоколад ||🔸Натуральный мех датской норки |🔸Полностью съемный мех |🔸Состав: 70% шерсть|🔸Артикул:WZ2526-1/33|🔸Размерный ряд: 46-50|🔸Длина: 125 см";"Simone";"Симона"
"67";"70";"https://disk.yandex.ru/d/LBCUaeni44UL-g";"Пальто Liora (Лиора) графит ||🔸Натуральный мех енота |🔸Полностью съемный мех |🔸Состав: 70% шерсть|🔸Артикул:WZ2565/027|🔸Размерный ряд: 46-50|🔸Длина: 125 см";"Liora";"Лиора"
"68";"71";"https://disk.yandex.ru/d/alJvZq4HefYqUg";"Пальто Mireille (Мирейль) светло-серый ||🔸Натуральный мех енота |🔸Полностью съемный мех |🔸Состав: 70% шерсть|🔸Артикул:WZ2543-1/8|🔸Размерный ряд: 46-50|🔸Длина: 130 см";"Mireille";"Мирейль"
"69";"72";"https://disk.yandex.ru/d/7XZiJ5oxc3dKsw";"Пальто Liora (Лиора) кофейное ||🔸Натуральный мех лисицы |🔸Полностью съемный мех |🔸Состав: 70% шерсть|🔸Артикул:WZ2565/028|🔸Размерный ряд: 44-48|🔸Длина: 125 см";"Liora";"Лиора"
"70";"73";"https://disk.yandex.ru/d/AQHPPUJJ2DJgLw";"Тренч Manuela (Мануела) в черном оттенке||🔸Состав: 100% хлопок|🔸 Ткань touch peach |🔸Артикул:RTX0341-125/ES-01|🔸Размерный ряд: 42-50|🔸Длина: 125 см";"Manuela";"Мануела"
"71";"74";"https://disk.yandex.ru/d/voR_ginPquxDlQ";"Пальто Amada (Амада) в оттенке щербет||🔸натуральный мех песца, затонированный под баргузинского соболя|🔸В составе 100% кашемир|🔸Артикул: F24111-125/HBK|🔸Размерный ряд: 42-56|🔸Длина: 125 см";"Amada";"Амада"
"72";"75";"https://disk.yandex.ru/d/MT_9xxBPcQuygA";"Куртка-пиджак Dolores (Долорес) в черном цвете||🔸Состав: 100% хлопок|🔸 Ткань touch peach |🔸Артикул:RTX0270/ES-01|🔸Размерный ряд: 42-48|🔸Длина: 65 см";"Dolores";"Долорес"
"73";"76";"https://disk.yandex.ru/d/v8Gc8K5KAFxc-w";"Куртка-пиджак Dolores (Долорес) в бордовом оттенке||🔸Состав: 100% хлопок|🔸 Ткань touch peach |🔸Артикул:RTX0270/ES-127|🔸Размерный ряд: 42-48|🔸Длина: 65 см";"Dolores";"Долорес"
"74";"77";"https://disk.yandex.ru/d/rvCnKeigcSRAzQ";"Парка Vanessa (Ванесса) в сером цвете с эко мехом выполненном под мех чернобурой лисицы ||🔸Артикул: 24069-90/10|🔸Длина: 90 см.|🔸Размерный ряд: 42-52|🔸Подстёжка: эко мех|🔸Полностью СЪЁМНЫЙ мех";"Vanessa";"Ванесса"
"75";"78";"https://disk.yandex.ru/d/VveUD2-ow9-EFg";"Парка April (Эйприл) в сером цвете с эко мехом выполненным под чернобурую лисицу||🔸Артикул: 23030-100/10|🔸Длина: 100 см.|🔸Размерный ряд: 44-52|🔸Подстёжка: эко мех|🔸Полностью СЪЁМНЫЙ мех";"April";"Эйприл"
"76";"79";"https://disk.yandex.ru/d/nUJmy3U06rfUGw";"Парка April (Эйприл) в бежевом цвете с эко мехом выполненным под бенгальскую лисицу||🔸Артикул: 23030-100/35|🔸Длина: 100 см.|🔸Размерный ряд: 44-54|🔸Подстёжка: эко мех|🔸Полностью СЪЁМНЫЙ мех";"April";"Эйприл"
"77";"80";"https://disk.yandex.ru/d/wkCnmol0G0DZNw";"Парка Vanessa (Ванесса) в сером цвете с эко мехом выполненном под мех енота||🔸Артикул: 24069-90/33|🔸Длина: 90 см.|🔸Размерный ряд: 42-54|🔸Подстёжка: эко мех|🔸Полностью СЪЁМНЫЙ мех";"Vanessa";"Ванесса"
"78";"81";"https://disk.yandex.ru/d/r8_YpfBRHgKKIg";"Парка Adelaida (Аделаида) в коричневом оттенке, с натуральным мехом енота||🔸Артикул: K24056-110/036|🔸Длина: 110 см.|🔸Размерный ряд: 42-56|🔸Наполнитель: в рукавах изософт |🔸Подстёжка: натуральный мех енота, целая шубка внутри парки|🔸Полностью СЪЁМНЫЙ мех";"Adelaida";"Аделаида"
"79";"82";"https://disk.yandex.ru/d/qiNJ4j8iSm5GpQ";"Пуховое пальто Posy (Пози) в черном цвете с натуральным мехом енота||🔸Артикул: 2601/HS|🔸Длина: 85 см.|🔸Размерный ряд: 42-50|🔸Наполнитель: 90% гусиный пух, 10 перо|🔸 СЪЁМНЫЙ мех";"Posy";"Пози"
"80";"83";"https://disk.yandex.ru/d/NM2RBH2jLAxyAA";"Пуховое пальто Posy (Пози) в молочном оттенке с натуральным мехом енота||🔸Артикул: 2601/24|🔸Длина: 85 см.|🔸Размерный ряд: 42-50|🔸Наполнитель: 90% гусиный пух, 10 перо|🔸 СЪЁМНЫЙ мех";"Posy";"Пози"
"81";"84";"https://disk.yandex.ru/d/inzXfZGZvnl-gQ";"Пуховое пальто Madeline (Мадлен) в лавандовом оттенке с натуральным мехом чернобурой лисицы ||🔸Артикул: 2605/18|🔸Длина: 90 см.|🔸Размерный ряд: 42-50|🔸Наполнитель: 90% гусиный пух, 10 перо|🔸 СЪЁМНЫЙ мех";"Madeline";"Мадлен"
"82";"85";"https://disk.yandex.ru/d/z4NIOJDsQicD5g";"Пуховое пальто Madeline (Мадлен) в жемчужном оттенке с натуральным мехом лисицы ||🔸Артикул: 2605/23|🔸Длина: 90 см.|🔸Размерный ряд: 42-50|🔸Наполнитель: 90% гусиный пух, 10 перо|🔸 СЪЁМНЫЙ мех";"Madeline";"Мадлен"
"83";"86";"https://disk.yandex.ru/d/-oJujwUOpIKlJw";"Пуховое пальто Amelia (Амелия) в зеленом оттенке с натуральным мехом енота ||🔸Артикул: 2608-2/16|🔸Длина: 90 см.|🔸Размерный ряд: 42-50|🔸Наполнитель: 90% гусиный пух, 10 перо|🔸 СЪЁМНЫЙ мех";"Amelia";"Амелия"
"84";"87";"https://disk.yandex.ru/d/24v9kRkkDjanaQ";"Парка Nataly (Натали) в цвете хаки, с натуральным мехом енота||🔸Артикул: K24053-110/ML|🔸Длина: 110 см.|🔸Размерный ряд: 42-56|🔸Подстёжка: натуральный мех енота, целая шубка внутри парки|🔸Полностью СЪЁМНЫЙ мех";"Nataly";"Натали"
"85";"88";"https://disk.yandex.ru/d/CXbNm05-UKoFeg";"Пуховое пальто Jackie (Джеки) в бежевом оттенке с натуральным мехом енота ||🔸Артикул: 2615/21|🔸Длина: 115 см.|🔸Размерный ряд: 44-54|🔸Наполнитель: 90% гусиный пух, 10 перо|🔸 СЪЁМНЫЙ мех |🔸Съемный капюшон";"Jackie";"Джеки"
"86";"89";"https://disk.yandex.ru/d/-IqTB4srrX-BGw";"Пуховое пальто Barbara (Барбара) в зеленом оттенке с натуральным мехом песца||🔸Артикул: 2171/79|🔸Длина: 75 см.|🔸Размерный ряд: 42-52|🔸Наполнитель: 90% гусиный пух, 10 перо|🔸СЪЁМНЫЙ мех";"Barbara";"Барбара"
"87";"90";"https://disk.yandex.ru/d/cqtVcqO6xQW5eg";"Пуховое пальто Sara (Сара) в бежевом оттенке с натуральным мехом лисицы||🔸Артикул: 2408/1378|🔸Длина: 105 см.|🔸Размерный ряд: 42-52|🔸Наполнитель: 90% гусиный пух, 10 перо|🔸СЪЁМНЫЙ мех";"Sara";"Сара"
"88";"91";"https://disk.yandex.ru/d/6EyjzjHXfj-grQ";"Утепленное пальто Heidi (Хайди) в черном цвете с натуральным мехом норки ||🔸Артикул: 21615/hei|🔸Длина: 100 см.|🔸Размерный ряд: 44-56|🔸Наполнитель: Файбертек|🔸Влагоустойчивое |🔸Температурный режим до -30/-40";"Heidi";"Хайди"
"89";"92";"https://disk.yandex.ru/d/ufYuFJepjL7S-A";"Парка Paris (Пэрис) в оттенке хаки с натуральным мехом енота||🔸Артикул: 82382/1|🔸Длина: 110 см.|🔸Размерный ряд: 42-56|🔸Подстёжка: натуральный меха енота, целая шубка внутри парки  |🔸Полностью СЪЁМНЫЙ мех";"Paris";"Пэрис"
"90";"93";"https://disk.yandex.ru/d/RyxaL_7H4qi1rw";"Парка Paris (Пэрис) в оттенке черника с натуральным мехом енота||🔸Артикул: 82382/88|🔸Длина: 110 см.|🔸Размерный ряд: 42-56|🔸Подстёжка: натуральный меха енота, целая шубка внутри парки  |🔸Полностью СЪЁМНЫЙ мех";"Paris";"Пэрис"
"91";"94";"https://disk.yandex.ru/d/RX2JUNe_TB-mZw";"Парка Gloria (Глория) в оттенке серый металлик с натуральным мехом комбинированной лисицы||🔸Артикул: А307/157|🔸Длина: 110 см.|🔸Размерный ряд: 42-56|🔸Подстёжка: натуральный меха кролика|🔸Наполнитель: изософт в рукавах |🔸Полностью СЪЁМНЫЙ мех";"Gloria";"Глория"
"92";"95";"https://disk.yandex.ru/d/Pxjel2xbbPL-HQ";"Пуховое пальто Hattie (Хэтти) в черном цвете с мехом чернобурой лисицы|||🔸Артикул: 2239 М/ 208|🔸Длина: 120 см.|🔸Размерный ряд: 42-54|🔸Наполнитель: 90% гусиный пух, 10 перо|🔸СЪЁМНЫЙ мех";"Hattie";"Хэтти"
"93";"96";"https://disk.yandex.ru/d/Ho0UR9d-nBklKA";"Пуховое пальто Jackie (Джеки) в черном оттенке с натуральным мехом финского песца  ||🔸Артикул: 2615/HS|🔸Длина: 115 см.|🔸Размерный ряд: 44-54|🔸Наполнитель: 90% гусиный пух, 10 перо|🔸 СЪЁМНЫЙ мех |🔸Съемный капюшон";"Jackie";"Джеки"
"94";"97";"https://disk.yandex.ru/d/EfoIb44xIdnjVw";"Пуховое пальто Penny (Пэни) в бежевом оттенке с натуральным мехом датской норки|🔸Артикул: 2610/23|🔸Длина: 110 см.|🔸Размерный ряд: 44-54|🔸Наполнитель: 90% гусиный пух, 10 перо|🔸 СЪЁМНЫЙ мех";"Penny";"Пэни"
"95";"98";"https://disk.yandex.ru/d/ijXQ8y6ZiKS9ag";"Парка Cecile (Сесиль) в черном цвете, с натуральным мехом енота||🔸Артикул: K25060-90/HEI|🔸Длина: 90 см.|🔸Размерный ряд: 42-52|🔸Подстёжка: натуральный мех енота, целая шубка внутри парки|🔸Полностью СЪЁМНЫЙ мех";"Cecile";"Сесиль"
"96";"99";"https://disk.yandex.ru/d/oswc5F6kRKx2uQ";"Парка Charlotte (Шарлотт) в темно-сером цвете, с натуральным мехом енота||🔸Артикул: K24067-110/HUI|🔸Длина: 110 см.|🔸Размерный ряд: 42-56|🔸Подстёжка: натуральный мех енота, целая шубка внутри парки|🔸Полностью СЪЁМНЫЙ мех";"Charlotte";"Шарлотт"
"97";"100";"https://disk.yandex.ru/d/mFHnKG4sXWXd-Q";"Парка Charlotte (Шарлотт) в черном цвете, с натуральным мехом енота||🔸Артикул: K24067-110/HEI|🔸Длина: 110 см.|🔸Размерный ряд: 42-52|🔸Подстёжка: натуральный мех енота, целая шубка внутри парки|🔸Полностью СЪЁМНЫЙ мех";"Charlotte";"Шарлотт"
"98";"101";"https://disk.yandex.ru/d/lTQ6n_iWA44MbQ";"Парка Katrin (Катрин) в черном цвете, с натуральным мехом енота||🔸Артикул: А28-85/HEI|🔸Длина: 90 см.|🔸Размерный ряд: 42-52|🔸Подстёжка: натуральный мех енота, целая шубка внутри парки|🔸Полностью СЪЁМНЫЙ мех";"Katrin";"Катрин"
"99";"102";"https://disk.yandex.ru/d/8bTnLSBhFhladQ";"Парка Miranda (Миранда) в сером (лиловом) металлик цвете с натуральным мехом енота||🔸Артикул: A29/157|🔸Длина: 110 см.|🔸Размерный ряд: 42-56|🔸Подстёжка: мех енота|🔸Полностью СЪЁМНЫЙ мех";"Miranda";"Миранда"
"100";"103";"https://disk.yandex.ru/d/Eu597zRoL3IPPg";"Пуховое пальто Jessica (Джессика) в молочном оттенке с натуральным мехом датской норки|🔸Артикул: 2618/MB|🔸Длина: 80 см.|🔸Размерный ряд: 42-50|🔸Наполнитель: 90% утиный пух, 10 перо|🔸 СЪЁМНЫЙ мех";"Jessica";"Джессика"
"101";"104";"https://disk.yandex.ru/d/3ARQ2ekQRqf1Vw";"Пуховое пальто Jessica (Джессика) в оттенке шоколад с натуральным мехом датской норки|🔸Артикул: 2618/16|🔸Длина: 80 см.|🔸Размерный ряд: 42-50|🔸Наполнитель: 90% утиный пух, 10 перо|🔸 СЪЁМНЫЙ мех";"Jessica";"Джессика"
"102";"105";"https://disk.yandex.ru/d/xAhl7dYmZOgALg";"Пуховое пальто Jessica (Джессика) в черном оттенке с натуральным мехом датской норки|🔸Артикул: 2618/HS|🔸Длина: 80 см.|🔸Размерный ряд: 42-50|🔸Наполнитель: 90% утиный пух, 10 перо|🔸 СЪЁМНЫЙ мех";"Jessica";"Джессика"
"103";"106";"https://disk.yandex.ru/d/t-L-OYPJ7Y1TNg";"Пуховая куртка Letitia (Летиция) в оттенке пудра ||🔸Артикул: 2468|🔸Длина: 75 см.|🔸Размерный ряд: 42-52|🔸Наполнитель: 90% гусиный пух, 10 перо";"Letitia";"Летиция"
"104";"107";"https://disk.yandex.ru/d/XBiytQtxWZwD5w";"Бомбер-парка Lizzie (Лизи) в оттенке хаки с мехом финского песца. ||🔸Мех СЪЁМНЫЙ.|🔸Утеплитель: натуральный мех кролика закрытый подкладом. |🔸Размерный ряд 40-52. 🔸Длина 60 см. |🔸Артикул 212677 / 554";"Lizzie";"Лизи"
"105";"108";"https://disk.yandex.ru/d/5hfFHrpVgyhx5A";"Пуховое пальто Tanita (Танита) в жемчужном цвете с натуральным мехом лисицы||🔸Артикул: 2619/MB|🔸Длина: 85 см.|🔸Размерный ряд: 42-50|🔸Наполнитель: 90% утиный пух, 10 перо|🔸 СЪЁМНЫЙ мех";"Tanita";"Танита"
"106";"109";"https://disk.yandex.ru/d/2dxPWnbulVMMrQ";"Утепленное пальто Marian (Марьян) в кофейном оттенке  с высокотехнологичным экомехом, выполненным под норку  ||🔸Артикул: D4005-2/006-104|🔸Длина: 125 см.|🔸Размерный ряд: 42-54|🔸Наполнитель: Тинсулейт";"Marian";"Марьян"
"107";"110";"https://disk.yandex.ru/d/Cto5ECgH_V59IA";"Утепленное пальто Marian (Марьян) в черном цвете  с высокотехнологичным экомехом, выполненным под норку  ||🔸Артикул: D4005/8008-hei|🔸Длина: 125 см.|🔸Размерный ряд: 42-54|🔸Наполнитель: Тинсулейт";"Marian";"Марьян"
"108";"111";"https://disk.yandex.ru/d/5HTjAtfWgh2BZQ";"Пуховое пальто Jackie (Джеки) в оттенке серый металлик  с натуральным мехом енота ||🔸Артикул: 2615/5|🔸Длина: 115 см.|🔸Размерный ряд: 42-52|🔸Наполнитель: 90% гусиный пух, 10 перо|🔸 СЪЁМНЫЙ мех |🔸Съемный капюшон";"Jackie";"Джеки"
"109";"112";"https://disk.yandex.ru/d/4X9oPrs-hj420A";"Пуховая куртка Claudia (Клаудия) в черном цвете||🔸Артикул: 2470/HS|🔸Длина: 110 см.|🔸Размерный ряд: 42-52|🔸Наполнитель: 90% утиный пух, 10 перо";"Claudia";"Клаудия"
"110";"113";"https://disk.yandex.ru/d/MUd7acLYRSAWtg";"Парка Madison (Мэдисон) в темно-синем цвете (черничный) с  натуральным аукционным мехом ЧЕРНОБУРОЙ ЛИСИЦЫ||🔸 Артикул: А192-110 / 88|🔸Длина: 110 см.|🔸Размерный ряд: 42-56|🔸 Полный меховой капюшон с мехом чернобурой лисицы|🔸Подстёжка: натуральный мех кролика закрытого типа (под подкладом) + инновационный ультралегкий утеплитель нового поколения ISOSOFT|🔸 Полностью СЪЁМНЫЙ мех";"Madison";"Мэдисон"
"111";"114";"https://disk.yandex.ru/d/W6s1ToFCtUJeoQ";"Парка Madison (Мэдисон) в серо-серебристом цвете с  натуральным аукционным мехом комбинированной ЛИСИЦЫ||🔸 Артикул: А192-110 / 67|🔸Длина: 110 см.|🔸Размерный ряд: 42-56|🔸 Полный меховой капюшон с мехом лисицы|🔸Подстёжка: натуральный мех кролика закрытого типа (под подкладом) + инновационный ультралегкий утеплитель нового поколения ISOSOFT|🔸 Полностью СЪЁМНЫЙ мех";"Madison";"Мэдисон"
"112";"115";"https://disk.yandex.ru/d/j4WjSpk-f_eUjw";"Парка Gloria (Глория) в темно-синем  цвете (черничный) с  натуральным аукционным мехом комбинированной ЛИСИЦЫ||🔸 Артикул: А307 / 88|🔸Длина: 110 см.|🔸Размерный ряд: 42-56|🔸 Полный меховой капюшон с мехом лисицы|🔸Подстёжка: натуральный мех кролика закрытого типа (под подкладом) + инновационный ультралегкий утеплитель нового поколения ISOSOFT|🔸 Полностью СЪЁМНЫЙ мех";"Gloria";"Глория"
"113";"116";"https://disk.yandex.ru/d/e2cqqnH1W3pQMg";"Парка Gwinnett (Гвинет) в оттенке серебро с натуральным мехом чернобурой лисицы||🔸Артикул: А248/10|🔸Длина: 90 см.|🔸Размерный ряд: 42-54|🔸Подстёжка: натуральный меха кролика|🔸Наполнитель: изософт|🔸Полностью СЪЁМНЫЙ мех";"Gwinnett";"Гвинет"
"114";"117";"https://disk.yandex.ru/d/epcfYSZrNGapaA";"Парка JOY (Джой) в черном цвете с натуральным аукционным мехом ЧЕРНОБУРОЙ ЛИСИЦЫ||🔸 Артикул: А251 / 22|🔸Длина: 80 см.|🔸Размерный ряд: 40-52|🔸Подстёжка: натуральный мех кролика закрытого типа (под подкладом) + инновационный ультралегкий утеплитель нового поколения ISOSOFT|🔸 Полностью СЪЁМНЫЙ мех";"JOY";"Джой"
"115";"118";"https://disk.yandex.ru/d/yp8ugm_NKlZDyA";"Парка JOY (Джой) в молочном цвете с натуральным аукционным мехом БЕНГАЛЬСКОЙ ЛИСИЦЫ||🔸 Артикул: А251 / 6|🔸Длина: 80 см.|🔸Размерный ряд: 40-52|🔸Подстёжка: натуральный мех кролика закрытого типа (под подкладом) + инновационный ультралегкий утеплитель нового поколения ISOSOFT|🔸 Полностью СЪЁМНЫЙ мех";"JOY";"Джой"
"116";"119";"https://disk.yandex.ru/d/HE8-gOX1ywcmVg";"Утепленное пальто Elizabeth (Элизабет) в черном цвете с натуральным мехом овчины||🔸Наполнитель: THINSULATE|🔸вставки из натуральной кожи питона |🔸Артикул: 433/8008-hei|🔸Длина: 125 см.|🔸Размерный ряд: 42-58";"Elizabeth";"Элизабет"
"117";"120";"https://disk.yandex.ru/d/pfq23HudDNlvzw";"Пуховое пальто Hattie (Хэтти) в черном цвете с мехом финского песца тонированного под баргузинского соболя. ||🔸Мех несъёмный. |🔸Наполнение: 90% пух 10% перо. |🔸Еврозима. |🔸Размерный ряд 40-52. 🔸Длина 115 см. |🔸Артикул 2239 / 208";"Hattie";"Хэтти"
"118";"121";"https://disk.yandex.ru/d/RjpxYZdNY9G6Hw";"Парка Polly (Полли) в оттенке пудра с натуральным аукционным мехом ЕНОТА||🔸 Артикул: G893 / 249|🔸Длина: 90 см.|🔸Размерный ряд: 42-52|🔸Подстёжка: натуральный мех кролика закрытого типа (закрыт подкладом) + утеплитель нового поколения ультралегкий и невесомый ISOSOFT|🔸 Полностью СЪЁМНЫЙ мех";"Polly";"Полли"
"119";"122";"https://disk.yandex.ru/d/JrRyYhuBiD4fgw";"Парка Alice (Элис) в цвете зелёный металлик с натуральным аукционным мехом ЧЕРНОБУРОЙ ЛИСИЦЫ||🔸 Артикул: А167 / 42|🔸Длина: 100 см.|🔸Размерный ряд: 42-56|🔸 Полный меховой капюшон|🔸Подстёжка: натуральный мех кролика закрытого типа (под подкладом) + инновационный ультралегкий утеплитель нового поколения ISOSOFT|🔸 Полностью СЪЁМНЫЙ мех";"Alice";"Элис"
"120";"123";"https://disk.yandex.ru/d/yPhKQTJyhq1kgQ";"Парка Alice (Элис) в серо-серебристом цвете с натуральным аукционным мехом комбинированной ЛИСИЦЫ||🔸 Артикул: А167 / 80/67|🔸Длина: 80 см.|🔸Размерный ряд: 42-58|🔸 Полный меховой капюшон|🔸Подстёжка: натуральный мех кролика закрытого типа (под подкладом) + инновационный ультралегкий утеплитель нового поколения ISOSOFT|🔸 Полностью СЪЁМНЫЙ мех";"Alice";"Элис"
"121";"124";"https://disk.yandex.ru/d/hAgJVcYpKx_JqQ";"Пуховое пальто Hattie (Хэтти) в изумрудном цвете с мехом финского песца. ||🔸Мех несъёмный. |🔸Наполнение: 90% пух 10% перо. |🔸Еврозима. |🔸Размерный ряд 42-54. 🔸Длина 115 см. |🔸Артикул 2239 / ML";"Hattie";"Хэтти"
"122";"125";"https://disk.yandex.ru/d/jqpr4Bz1RvlBMg";"Бомбер-парка Lizzie (Лизи) в оттенке графит с мехом финского песца. ||🔸Мех СЪЁМНЫЙ.|🔸Утеплитель: натуральный мех кролика закрытый подкладом. |🔸Размерный ряд 40-54|🔸Длина 60 см. |🔸Артикул 212677.12";"Lizzie";"Лизи"
"123";"126";"https://disk.yandex.ru/d/60fTGt92ifBqyg";"Куртка-кимоно Vera (Вера) в молочном оттенке ||🔸В составе полиэстер|🔸Артикул: A132/МВ|🔸Размерный ряд: 44-54|🔸Длина: 75 см";"Vera";"Вера"
"124";"127";"https://disk.yandex.ru/d/wBB7Yqgw21kX9Q";"Шубка под ламу Josefina (Джозефина) в цвете пудра ||🔸В составе экомех|🔸Артикул: 23375-60/powder|🔸Размерный ряд: one size (М)|🔸Длина: 60 см";"Josefina";"Джозефина"
"125";"128";"https://disk.yandex.ru/d/tzFP8irTVwy34A";"Шубка под ламу Josefina (Джозефина) в цвете пудра ||🔸В составе экомех|🔸Артикул: 23375-60/powder|🔸Размерный ряд: one size (М)|🔸Длина: 60 см";"Josefina";"Джозефина"
"126";"129";"https://disk.yandex.ru/d/B7ifvoee2vg4eA";"Пальто-бомбер Darlin (Дарлин) в оттенке хаки||🔸Наполнитель: тинсулейт |🔸Артикул: D-2/6886-114|🔸Размерный ряд: 42-54|🔸Длина: 115 см";"Darlin";"Дарлин"
"127";"130";"https://disk.yandex.ru/d/tuMbcYuDRhe4FQ";"Пальто-бомбер Darlin (Дарлин) в черном цвете ||🔸Наполнитель: тинсулейт |🔸Артикул: D-2/6886-hei|🔸Размерный ряд: 42-54|🔸Длина: 115 см";"Darlin";"Дарлин"
"128";"131";"https://disk.yandex.ru/d/rUnI8Xu2FF6RuA";"Пальто Rosalina (Розалина)  в бежевом  оттенке ||🔸В составе 64% полиэстер, 34% вискоза, 2% акрил |🔸Вставки из натуральной кожи |🔸Рукава на замках |🔸Артикул: 2433/J-71|🔸Размерный ряд: 42-48|🔸Длина: 100 см";"Rosalina";"Розалина"
"129";"132";"https://disk.yandex.ru/d/OuF-7GLy9q2a5A";"Пальто Rosalina (Розалина)  в черном оттенке ||🔸В составе 64% полиэстер, 34% вискоза, 2% акрил |🔸Вставки из натуральной кожи |🔸Рукава на замках |🔸Артикул: 2433/J-63|🔸Размерный ряд: 42-48|🔸Длина: 100 см";"Rosalina";"Розалина"
"130";"133";"https://disk.yandex.ru/d/dOJI0VKPhLN-_A";"Пальто-пиджак Tia (Тиа)  в песочном оттенке ||🔸В составе 64% полиэстер, 34% вискоза, 2% акрил |🔸Вставки из натуральной кожи |🔸Артикул: С-141/J-75|🔸Размерный ряд: 42-48|🔸Длина: 80 см";"Tia";"Тиа"
"131";"134";"https://disk.yandex.ru/d/QZmq7kNQSYImMw";"Пальто Alicia (Алисия)  в оттенке какао||🔸В составе 64% полиэстер, 34% вискоза, 2% акрил |🔸Артикул: 1769/J-71|🔸Размерный ряд: 42-48|🔸Длина: 110 см";"Alicia";"Алисия"
"132";"135";"https://disk.yandex.ru/d/cZWoqrob1Xobrg";"Пальто Alicia (Алисия) в черном оттенке||🔸В составе 64% полиэстер, 34% вискоза, 2% акрил |🔸Артикул: 1769/J-66|🔸Размерный ряд: 42-48|🔸Длина: 110 см";"Alicia";"Алисия"
"133";"136";"https://disk.yandex.ru/d/lb4dAMoW3uUnkw";"Куртка-пиджак Fifi (Фифи) в песочном оттенке||🔸100% натуральная замша|🔸Артикул: B101-W24Y/P088|🔸Размерный ряд: 44-50|🔸Длина: 75 см";"Fifi";"Фифи"
"134";"137";"https://disk.yandex.ru/d/2LJ3DIAUzHhsSw";"Укороченная куртка Esmeralda (Эсмеральда) в  оттенке кэмел||🔸100% натуральная замша|🔸Артикул: ZL24B006/P087|🔸Размерный ряд: 44-50|🔸Длина: 47 см";"Esmeralda";"Эсмеральда"
"135";"138";"https://disk.yandex.ru/d/-umUVI5atgaO9A";"Куртка-пиджак Rosa (Роса) в бежевом оттенке||🔸Состав: 64%полиэстер, 34% вискоза, 2% акрил|🔸Артикул: C-154/J-46|🔸Размерный ряд: 42-52|🔸Длина: 62 см";"Rosa";"Роса"
"136";"139";"https://disk.yandex.ru/d/RBbcfqt6IgX-CA";"Парка Katrin (Катрин) в темно-синем цвете (черника) с  натуральным аукционным мехом ЕНОТА с шубкой внутри||🔸 Артикул: А28 / 88|🔸Длина: 110 см.|🔸Размерный ряд: 42-58|🔸 Полный меховой капюшон с мехом ЕНОТА|🔸Подстёжка: натуральный мех ЕНОТА|🔸 Полностью СЪЁМНЫЙ мех|🔸Одна из самых теплых моделей";"Katrin";"Катрин"
"137";"140";"https://disk.yandex.ru/d/Hx7JbA0bZKzq9w";"Парка Evelina (Эвелина) в сером цвете с натуральным аукционным мехом ЕНОТА||🔸 Артикул: K23018-90/10|🔸Длина: 90 см.|🔸Размерный ряд: 42-52|🔸Подстёжка: натуральный мех ЕНОТА |🔸 Полностью СЪЁМНЫЙ мех";"Evelina";"Эвелина"
"138";"141";"https://disk.yandex.ru/d/5YDzylK0bmgrGA";"Парка Ester (Эстер) в молочном цвете с натуральным мехом финского песца||🔸Артикул: 2407/МВ|🔸Длина: 75 см.|🔸Размерный ряд: 42-52|🔸Наполнитель: в рукавах гусиных пух|🔸Подстёжка: из натурального меха кролика |🔸Полностью СЪЁМНЫЙ мех";"Ester";"Эстер"
